Mapping,Account,Start of the Year,Jan-26,Feb-26,Mar-26,Apr-26,May-26,Jun-26,Jul-26,Aug-26,Sep-26,Oct-26,Nov-26,Dec-26
Short Term 1,Rainy Day,"$1,000.00","$1,200.00","$1,400.00","$1,600.00","$1,800.00","$2,000.00","$2,200.00","$2,400.00","$2,600.00","$2,800.00",$0.00,$0.00,$0.00
Short Term 2,Bicycle Repairs,$300.00,$325.00,$350.00,$375.00,$400.00,$425.00,$450.00,$100.00,$125.00,$150.00,$0.00,$0.00,$0.00
Short Term 3,Vet Bills,$500.00,$550.00,$600.00,$650.00,$700.00,$750.00,$800.00,$850.00,$900.00,$950.00,$0.00,$0.00,$0.00
Short Term 4,Birthdays,$0.00,-$25.00,-$15.00,$0.00,$25.00,$50.00,$75.00,$100.00,$125.00,$150.00,$0.00,$0.00,$0.00
Short Term Total,Total,"$1,800.00","$2,050.00","$2,335.00","$2,625.00","$2,925.00","$3,225.00","$3,525.00","$3,450.00","$3,750.00","$4,050.00",$0.00,$0.00,$0.00
Long Term 1,Roof Replacement,"$2,000.00","$2,100.00","$2,200.00","$2,300.00","$2,400.00","$2,500.00","$2,600.00","$2,700.00","$2,800.00","$2,900.00",$0.00,$0.00,$0.00
Long Term 2,Next Car,$0.00,$0.00,$0.00,$0.00,$0.00,$0.00,$0.00,$0.00,$0.00,$0.00,$0.00,$0.00,$0.00
Long Term 3,Sabbatical,$750.00,$800.00,$850.00,$900.00,$950.00,"$1,000.00","$1,050.00","$1,100.00","$1,150.00","$1,200.00",$0.00,$0.00,$0.00
Long Term Total,Total,"$2,750.00","$2,900.00","$3,050.00","$3,200.00","$3,350.00","$3,500.00","$3,650.00","$3,800.00","$3,950.00","$4,100.00",$0.00,$0.00,$0.00
